LRG_Number,Build,HGNCID,Gene,Transcript_ID,Exon_no,Chrom,Start,End,Sequence
LRG_214,GRCh38.p7,7765,NF1,t1,1,17,31094927,31095369,AATCTCTAGCTCGCTCGCGCTCCCTCTCCCCGGGCCGTGGAAAGGATCCCACTTCCGGTGGGGTGTCATGGCGGCGTCTCGGACTGTGATGGCTGTGGGGAGACGGCGCTAGTGGGGAGAGCGACCAAGAGGCCCCCTCCCCTCCCCGGGTCCCCTTCCCCTATCCCCCTCCCCCCAGCCTCCTTGCCAACGCCCCCTTTCCCTCTCCCCCTCCCGCTCGGCGCTGACCCCCCATCCCCACCCCCGTGGGAACACTGGGAGCCTGCACTCCACAGACCCTCTCCTTGCCTCTTCCCTCACCTCAGCCTCCGCTCCCCGCCCTCTTCCCGGCCCAGGGCGCCGGCCCACCCTTCCCTCCGCCGCCCCCCGGCCGCGGGGAGGACATGGCCGCGCACAGGCCGGTGGAATGGGTCCAGGCCGTGGTCAGCCGCTTCGACGAGCAG
LRG_214,GRCh38.p7,7765,NF1,t1,2,17,31155983,31156126,CTTCCAATAAAAACAGGACAGCAGAACACACATACCAAAGTCAGTACTGAGCACAACAAGGAATGTCTAATCAATATTTCCAAATACAAGTTTTCTTTGGTTATAAGCGGCCTCACTACTATTTTAAAGAATGTTAACAATATG
LRG_214,GRCh38.p7,7765,NF1,t1,3,17,31159010,31159093,AGAATATTTGGAGAAGCTGCTGAAAAAAATTTATATCTCTCTCAGTTGATTATATTGGATACACTGGAAAAATGTCTTGCTGGG
LRG_214,GRCh38.p7,7765,NF1,t1,4,17,31163186,31163376,CAACCAAAGGACACAATGAGATTAGATGAAACGATGCTGGTCAAACAGTTGCTGCCAGAAATCTGCCATTTTCTTCACACCTGTCGTGAAGGAAACCAGCATGCAGCTGAACTTCGGAATTCTGCCTCTGGGGTTTTATTTTCTCTCAGCTGCAACAACTTCAATGCAGTCTTTAGTCGCATTTCTACCAG
LRG_214,GRCh38.p7,7765,NF1,t1,5,17,31169891,31169997,GTTACAGGAATTAACTGTTTGTTCAGAAGACAATGTTGATGTTCATGATATAGAATTGTTACAGTATATCAATGTGGATTGTGCAAAATTAAAACGACTCCTGAAGG
LRG_214,GRCh38.p7,7765,NF1,t1,6,17,31181422,31181489,AAACAGCATTTAAATTTAAAGCCCTAAAGAAGGTTGCGCAGTTAGCAGTTATAAATAGCCTGGAAAAG
LRG_214,GRCh38.p7,7765,NF1,t1,7,17,31181710,31181785,GCATTTTGGAACTGGGTAGAAAATTATCCAGATGAATTTACAAAACTGTACCAGATCCCACAGACTGATATGGCTG
LRG_214,GRCh38.p7,7765,NF1,t1,8,17,31182508,31182665,AATGTGCAGAAAAGCTATTTGACTTGGTGGATGGTTTTGCTGAAAGCACCAAACGTAAAGCAGCAGTTTGGCCACTACAAATCATTCTCCTTATCTTGTGTCCAGAAATAATCCAGGATATATCCAAAGACGTGGTTGATGAAAACAACATGAATAAG
LRG_214,GRCh38.p7,7765,NF1,t1,9,17,31200422,31200595,AAGTTATTTCTGGACAGTCTACGAAAAGCTCTTGCTGGCCATGGAGGAAGTAGGCAGCTGACAGAAAGTGCTGCAATTGCCTGTGTCAAACTGTGTAAAGCAAGTACTTACATCAATTGGGAAGATAACTCTGTCATTTTCCTACTTGTTCAGTCCATGGTGGTTGATCTTAAG
LRG_214,GRCh38.p7,7765,NF1,t1,10,17,31201037,31201159,AACCTGCTTTTTAATCCAAGTAAGCCATTCTCAAGAGGCAGTCAGCCTGCAGATGTGGATCTAATGATTGACTGCCTTGTTTCTTGCTTTCGTATAAGCCCTCACAACAACCAACACTTTAAG
LRG_214,GRCh38.p7,7765,NF1,t1,11,17,31201411,31201485,ATCTGCCTGGCTCAGAATTCACCTTCTACATTTCACTATGTGCTGGTAAATTCACTCCATCGAATCATCACCAAT
LRG_214,GRCh38.p7,7765,NF1,t1,12,17,31206240,31206371,TCCGCATTGGATTGGTGGCCTAAGATTGATGCTGTGTATTGTCACTCGGTTGAACTTCGAAATATGTTTGGTGAAACACTTCATAAAGCAGTGCAAGGTTGTGGAGCACACCCAGCAATACGAATGGCACCG
LRG_214,GRCh38.p7,7765,NF1,t1,13,17,31214451,31214585,AGTCTTACATTTAAAGAAAAAGTAACAAGCCTTAAATTTAAAGAAAAACCTACAGACCTGGAGACAAGAAGCTATAAGTATCTTCTCTTGTCCATGGTGAAACTAATTCATGCAGATCCAAAGCTCTTGCTTTGT
LRG_214,GRCh38.p7,7765,NF1,t1,14,17,31219005,31219118,AATCCAAGAAAACAGGGGCCCGAAACCCAAGGCAGTACAGCAGAATTAATTACAGGGCTCGTCCAACTGGTCCCTCAGTCACACATGCCAGAGATTGCTCAGGAAGCAATGGAG
LRG_214,GRCh38.p7,7765,NF1,t1,15,17,31221850,31221929,GCTCTGCTGGTTCTTCATCAGTTAGATAGCATTGATTTGTGGAATCCTGATGCTCCTGTAGAAACATTTTGGGAGATTAG
LRG_214,GRCh38.p7,7765,NF1,t1,16,17,31223444,31223567,CTCACAAATGCTTTTTTACATCTGCAAGAAATTAACTAGTCATCAAATGCTTAGTAGCACAGAAATTCTCAAGTGGTTGCGGGAAATATTGATCTGCAGGAATAAATTTCTTCTTAAAAATAAG
LRG_214,GRCh38.p7,7765,NF1,t1,17,17,31225095,31225250,CAGGCAGATAGAAGTTCCTGTCACTTTCTCCTTTTTTACGGGGTAGGATGTGATATTCCTTCTAGTGGAAATACCAGTCAAATGTCCATGGATCATGAAGAATTACTACGTACTCCTGGAGCCTCTCTCCGGAAGGGAAAAGGGAACTCCTCTATG
LRG_214,GRCh38.p7,7765,NF1,t1,18,17,31226435,31226684,GATAGTGCAGCAGGATGCAGCGGAACCCCCCCGATTTGCCGACAAGCCCAGACCAAACTAGAAGTGGCCCTGTACATGTTTCTGTGGAACCCTGACACTGAAGCTGTTCTGGTTGCCATGTCCTGTTTCCGCCACCTCTGTGAGGAAGCAGATATCCGGTGTGGGGTGGATGAAGTGTCAGTGCATAACCTCTTGCCCAACTATAACACATTCATGGAGTTTGCCTCTGTCAGCAATATGATGTCAACAG
LRG_214,GRCh38.p7,7765,NF1,t1,19,17,31227218,31227291,GAAGAGCAGCACTTCAGAAAAGAGTGATGGCACTGCTGAGGCGCATTGAGCATCCCACTGCAGGAAACACTGAG
LRG_214,GRCh38.p7,7765,NF1,t1,20,17,31227523,31227606,GCTTGGGAAGATACACATGCAAAATGGGAACAAGCAACAAAGCTAATCCTTAACTATCCAAAAGCCAAAATGGAAGATGGCCAG
LRG_214,GRCh38.p7,7765,NF1,t1,21,17,31229025,31229465,GCTGCTGAAAGCCTTCACAAGACCATTGTTAAGAGGCGAATGTCCCATGTGAGTGGAGGAGGATCCATAGATTTGTCTGACACAGACTCCCTACAGGAATGGATCAACATGACTGGCTTCCTTTGTGCCCTTGGGGGAGTGTGCCTCCAGCAGAGAAGCAATTCTGGCCTGGCAACCTATAGCCCACCCATGGGTCCAGTCAGTGAACGTAAGGGTTCTATGATTTCAGTGATGTCTTCAGAGGGAAACGCAGATACACCTGTCAGCAAATTTATGGATCGGCTGTTGTCCTTAATGGTGTGTAACCATGAGAAAGTGGGACTTCAAATACGGACCAATGTTAAGGATCTGGTGGGTCTAGAATTGAGTCCTGCTCTGTATCCAATGCTATTTAACAAATTGAAGAATACCATCAGCAAGTTTTTTGACTCCCAAGGACAG
LRG_214,GRCh38.p7,7765,NF1,t1,22,17,31229835,31229974,GTTTTATTGACTGATACCAATACTCAATTTGTAGAACAAACCATAGCTATAATGAAGAACTTGCTAGATAATCATACTGAAGGCAGCTCTGAACATCTAGGGCAAGCTAGCATTGAAACAATGATGTTAAATCTGGTCAG
LRG_214,GRCh38.p7,7765,NF1,t1,23,17,31230260,31230382,GTATGTTCGTGTGCTTGGGAATATGGTCCATGCAATTCAAATAAAAACGAAACTGTGTCAATTAGTTGAAGTAATGATGGCAAGGAGAGATGACCTCTCATTTTGCCAAGAGATGAAATTTAG
LRG_214,GRCh38.p7,7765,NF1,t1,24,17,31230842,31230925,GAATAAGATGGTAGAATACCTGACAGACTGGGTTATGGGAACATCAAACCAAGCAGCAGATGATGATGTAAAATGTCTTACAAG
LRG_214,GRCh38.p7,7765,NF1,t1,25,17,31232073,31232189,AGATTTGGACCAGGCAAGCATGGAAGCAGTAGTTTCACTTCTAGCTGGTCTCCCTCTGCAGCCTGAAGAAGGAGATGGTGTGGAATTGATGGAAGCCAAATCACAGTTATTTCTTAA
LRG_214,GRCh38.p7,7765,NF1,t1,26,17,31232700,31232881,ATACTTCACATTATTTATGAACCTTTTGAATGACTGCAGTGAAGTTGAAGATGAAAGTGCGCAAACAGGTGGCAGGAAACGTGGCATGTCTCGGAGGCTGGCATCACTGAGGCACTGTACGGTCCTTGCAATGTCAAACTTACTCAATGCCAACGTAGACAGTGGTCTCATGCACTCCATAG
LRG_214,GRCh38.p7,7765,NF1,t1,27,17,31233002,31233213,GCTTAGGTTACCACAAGGATCTCCAGACAAGAGCTACATTTATGGAAGTTCTGACAAAAATCCTTCAACAAGGCACAGAATTTGACACACTTGCAGAAACAGTATTGGCTGATCGGTTTGAGAGATTGGTGGAACTGGTCACAATGATGGGTGATCAAGGAGAACTCCCTATAGCGATGGCTCTGGCCAATGTGGTTCCTTGTTCTCAGTGG
LRG_214,GRCh38.p7,7765,NF1,t1,28,17,31235611,31235772,GATGAACTAGCTCGAGTTCTGGTTACTCTGTTTGATTCTCGGCATTTACTCTACCAACTGCTCTGGAACATGTTTTCTAAAGAAGTAGAATTGGCAGACTCCATGCAGACTCTCTTCCGAGGCAACAGCTTGGCCAGTAAAATAATGACATTCTGTTTCAAG
LRG_214,GRCh38.p7,7765,NF1,t1,29,17,31235918,31236021,GTATATGGTGCTACCTATCTACAAAAACTCCTGGATCCTTTATTACGAATTGTGATCACATCCTCTGATTGGCAACATGTTAGCTTTGAAGTGGATCCTACCAG
LRG_214,GRCh38.p7,7765,NF1,t1,30,17,31248984,31249119,GTTAGAACCATCAGAGAGCCTTGAGGAAAACCAGCGGAACCTCCTTCAGATGACTGAAAAGTTCTTCCATGCCATCATCAGTTCCTCCTCAGAATTCCCCCCTCAACTTCGAAGTGTGTGCCACTGTTTATACCAG
LRG_214,GRCh38.p7,7765,NF1,t1,32,17,31258344,31258502,GTGGTTAGCCAGCGTTTCCCTCAGAACAGCATCGGTGCAGTAGGAAGTGCCATGTTCCTCAGATTTATCAATCCTGCCATTGTCTCACCGTATGAAGCAGGGATTTTAGATAAAAAGCCACCACCTAGAATCGAAAGGGGCTTGAAGTTAATGTCAAAG
LRG_214,GRCh38.p7,7765,NF1,t1,33,17,31259032,31259129,ATACTTCAGAGTATTGCCAATCATGTTCTCTTCACAAAAGAAGAACATATGCGGCCTTTCAATGATTTTGTGAAAAGCAACTTTGATGCAGCACGCAG
LRG_214,GRCh38.p7,7765,NF1,t1,34,17,31260369,31260515,GTTTTTCCTTGATATAGCATCTGATTGTCCTACAAGTGATGCAGTAAATCATAGTCTTTCCTTCATAAGTGACGGCAATGTGCTTGCTTTACATCGTCTACTCTGGAACAATCAGGAGAAAATTGGGCAGTATCTTTCCAGCAACAG
LRG_214,GRCh38.p7,7765,NF1,t1,35,17,31261711,31261857,GGATCATAAAGCTGTTGGAAGACGACCTTTTGATAAGATGGCAACACTTCTTGCATACCTGGGTCCTCCAGAGCACAAACCTGTGGCAGATACACACTGGTCCAGCCTTAACCTTACCAGTTCAAAGTTTGAGGAATTTATGACTAG
LRG_214,GRCh38.p7,7765,NF1,t1,36,17,31265229,31265339,GCATCAGGTACATGAAAAAGAAGAATTCAAGGCTTTGAAAACGTTAAGTATTTTCTACCAAGCTGGGACTTCCAAAGCTGGGAATCCTATTTTTTATTATGTTGCACGGAG
LRG_214,GRCh38.p7,7765,NF1,t1,37,17,31325820,31326252,GTTCAAAACTGGTCAAATCAATGGTGATTTGCTGATATACCATGTCTTACTGACTTTAAAGCCATATTATGCAAAGCCATATGAAATTGTAGTGGACCTTACCCATACCGGGCCTAGCAATCGCTTTAAAACAGACTTTCTCTCTAAGTGGTTTGTTGTTTTTCCTGGCTTTGCTTACGACAACGTCTCCGCAGTCTATATCTATAACTGTAACTCCTGGGTCAGGGAGTACACCAAGTATCATGAGCGGCTGCTGACTGGCCTCAAAGGTAGCAAAAGGCTTGTTTTCATAGACTGTCCTGGGAAACTGGCTGAGCACATAGAGCATGAACAACAGAAACTACCTGCTGCCACCTTGGCTTTAGAAGAGGACCTGAAGGTATTCCACAATGCTCTCAAGCTAGCTCACAAAGACACCAAAGTTTCTATTAAA
LRG_214,GRCh38.p7,7765,NF1,t1,38,17,31327499,31327839,GTTGGTTCTACTGCTGTCCAAGTAACTTCAGCAGAGCGAACAAAAGTCCTAGGGCAATCAGTCTTTCTAAATGACATTTATTATGCTTCGGAAATTGAAGAAATCTGCCTAGTAGATGAGAACCAGTTCACCTTAACCATTGCAAACCAGGGCACGCCGCTCACCTTCATGCACCAGGAGTGTGAAGCCATTGTCCAGTCTATCATTCATATCCGGACCCGCTGGGAACTGTCACAGCCCGACTCTATCCCCCAACACACCAAGATTCGGCCAAAAGATGTCCCTGGGACACTGCTCAATATCGCATTACTTAATTTAGGCAGTTCTGACCCGAGTTTACG
LRG_214,GRCh38.p7,7765,NF1,t1,39,17,31330296,31330498,GTCAGCTGCCTATAATCTTCTGTGTGCCTTAACTTGTACCTTTAATTTAAAAATCGAGGGCCAGTTACTAGAGACATCAGGTTTATGTATCCCTGCCAACAACACCCTCTTTATTGTCTCTATTAGTAAGACACTGGCAGCCAATGAGCCACACCTCACGTTAGAATTTTTGGAAGAGTGTATTTCTGGATTTAGCAAATCTA
LRG_214,GRCh38.p7,7765,NF1,t1,40,17,31334838,31335031,GTATTGAATTGAAACACCTTTGTTTGGAATACATGACTCCATGGCTGTCAAATCTAGTTCGTTTTTGCAAGCATAATGATGATGCCAAACGACAAAGAGTTACTGCTATTCTTGACAAGCTGATAACAATGACCATCAATGAAAAACAGATGTACCCATCTATTCAAGCAAAAATATGGGGAAGCCTTGGGCAG
LRG_214,GRCh38.p7,7765,NF1,t1,41,17,31336333,31336473,ATTACAGATCTGCTTGATGTTGTACTAGACAGTTTCATCAAAACCAGTGCAACAGGTGGCTTGGGATCAATAAAAGCTGAGGTGATGGCAGATACTGCTGTAGCTTTGGCTTCTGGAAATGTGAAATTGGTTTCAAGCAAG
LRG_214,GRCh38.p7,7765,NF1,t1,42,17,31336635,31336914,GTTATTGGAAGGATGTGCAAAATAATTGACAAGACATGCTTATCTCCAACTCCTACTTTAGAACAACATCTTATGTGGGATGATATTGCTATTTTAGCACGCTACATGCTGATGCTGTCCTTCAACAATTCCCTTGATGTGGCAGCTCATCTTCCCTACCTCTTCCACGTTGTTACTTTCTTAGTAGCCACAGGTCCGCTCTCCCTTAGAGCTTCCACACATGGACTGGTCATTAATATCATTCACTCTCTGTGTACTTGTTCACAGCTTCATTTTAGTG
LRG_214,GRCh38.p7,7765,NF1,t1,43,17,31337368,31337582,AAGAGACCAAGCAAGTTTTGAGACTCAGTCTGACAGAGTTCTCATTACCCAAATTTTACTTGCTGTTTGGCATTAGCAAAGTCAAGTCAGCTGCTGTCATTGCCTTCCGTTCCAGTTACCGGGACAGGTCATTCTCTCCTGGCTCCTATGAGAGAGAGACTTTTGCTTTGACATCCTTGGAAACAGTCACAGAAGCTTTGTTGGAGATCATGGAG
LRG_214,GRCh38.p7,7765,NF1,t1,44,17,31337819,31337880,GCATGCATGAGAGATATTCCAACGTGCAAGTGGCTGGACCAGTGGACAGAACTAGCTCAAAG
LRG_214,GRCh38.p7,7765,NF1,t1,45,17,31338025,31338139,ATTTGCATTCCAATATAATCCATCCCTGCAACCAAGAGCTCTTGTTGTCTTTGGGTGTATTAGCAAACGAGTGTCTCATGGGCAGATAAAGCAGATAATCCGTATTCTTAGCAAG
LRG_214,GRCh38.p7,7765,NF1,t1,46,17,31338704,31338805,GCACTTGAGAGTTGCTTAAAAGGACCTGACACTTACAACAGTCAAGTTCTGATAGAAGCTACAGTAATAGCACTAACCAAATTACAGCCACTTCTTAATAAG
LRG_214,GRCh38.p7,7765,NF1,t1,47,17,31340505,31340645,GACTCGCCTCTGCACAAAGCCCTCTTTTGGGTAGCTGTGGCTGTGCTGCAGCTTGATGAGGTCAACTTGTATTCAGCAGGTACCGCACTTCTTGAACAAAACCTGCATACTTTAGATAGTCTCCGTATATTCAATGACAAG
LRG_214,GRCh38.p7,7765,NF1,t1,48,17,31343009,31343135,AGTCCAGAGGAAGTATTTATGGCAATCCGGAATCCTCTGGAGTGGCACTGCAAGCAAATGGATCATTTTGTTGGACTCAATTTCAACTCTAACTTTAACTTTGCATTGGTTGGACACCTTTTAAAAG
LRG_214,GRCh38.p7,7765,NF1,t1,49,17,31349120,31349251,GGTACAGGCATCCTTCACCTGCTATTGTTGCAAGAACAGTCAGAATTTTACATACACTACTAACTCTGGTTAACAAACACAGAAATTGTGACAAATTTGAAGTGAATACACAGAGCGTGGCCTACTTAGCAG
LRG_214,GRCh38.p7,7765,NF1,t1,50,17,31350183,31350318,CTTTACTTACAGTGTCTGAAGAAGTTCGAAGTCGCTGCAGCCTAAAACATAGAAAGTCACTTCTTCTTACTGATATTTCAATGGAAAATGTTCCTATGGATACATATCCCATTCATCATGGTGACCCTTCCTATAG
LRG_214,GRCh38.p7,7765,NF1,t1,51,17,31352257,31352414,GACACTAAAGGAGACTCAGCCATGGTCCTCTCCCAAAGGTTCTGAAGGATACCTTGCAGCCACCTATCCAACTGTCGGCCAGACCAGTCCCCGAGCCAGGAAATCCATGAGCCTGGACATGGGGCAACCTTCTCAGGCCAACACTAAGAAGTTGCTTG
LRG_214,GRCh38.p7,7765,NF1,t1,52,17,31356460,31356582,GAACAAGGAAAAGTTTTGATCACTTGATATCAGACACAAAGGCTCCTAAAAGGCAAGAAATGGAATCAGGGATCACAACACCCCCCAAAATGAGGAGAGTAGCAGAAACTGATTATGAAATGG
LRG_214,GRCh38.p7,7765,NF1,t1,53,17,31356960,31357090,AAACTCAGAGGATTTCCTCATCACAACAGCACCCACATTTACGTAAAGTTTCAGTGTCTGAATCAAATGTTCTCTTGGATGAAGAAGTACTTACTGATCCGAAGATCCAGGCGCTGCTTCTTACTGTTCTA
LRG_214,GRCh38.p7,7765,NF1,t1,54,17,31357269,31357369,GCTACACTGGTAAAATATACCACAGATGAGTTTGATCAACGAATTCTTTATGAATACTTAGCAGAGGCCAGTGTTGTGTTTCCCAAAGTCTTTCCTGTTGT
LRG_214,GRCh38.p7,7765,NF1,t1,55,17,31358480,31358622,GCATAATTTGTTGGACTCTAAGATCAACACCCTGTTATCATTGTGCCAAGATCCAAATTTGTTAAATCCAATCCATGGAATTGTGCAGAGTGTGGTGTACCATGAAGAATCCCCACCACAATACCAAACATCTTACCTGCAAA
LRG_214,GRCh38.p7,7765,NF1,t1,56,17,31358969,31359015,GTTTTGGTTTTAATGGCTTGTGGCGGTTTGCAGGACCGTTTTCAAAG
LRG_214,GRCh38.p7,7765,NF1,t1,57,17,31360487,31360703,CAAACACAAATTCCAGACTATGCTGAGCTTATTGTTAAGTTTCTTGATGCCTTGATTGACACGTACCTGCCTGGAATTGATGAAGAAACCAGTGAAGAATCCCTCCTGACTCCCACATCTCCTTACCCTCCTGCACTGCAGAGCCAGCTTAGTATCACTGCCAACCTTAACCTTTCTAATTCCATGACCTCACTTGCAACTTCCCAGCATTCCCCAG
LRG_214,GRCh38.p7,7765,NF1,t1,58,17,31374013,31377677,GAATCGACAAGGAGAACGTTGAACTCTCCCCTACCACTGGCCACTGTAACAGTGGACGAACTCGCCACGGATCCGCAAGCCAAGTGCAGAAGCAAAGAAGCGCTGGCAGTTTCAAACGTAATAGCATTAAGAAGATCGTGTGAAGCTTGCTTGCTTTCTTTTTTAAAATCAACTTAACATGGGCTCTTCACTAGTGACCCCTTCCCTGTCCTTGCCCTTTCCCCCCATGTTGTAATGCTGCACTTCCTGTTTTATAATGAACCCATCCGGTTTGCCATGTTGCCAGATGATCAACTCTTCGAAGCCTTGCCTAAATTTAATGCTGCCTTTTCTTTAACTTTTTTTCTTCTACTTTTGGCGTGTATCTGGTATATGTAAGTGTTCAGAACAACTGCAAAGAAAGTGGGAGGTCAGGAAACTTTTAACTGAGAAATCTCAATTGTAAGAGAGGATGAATTCTTGAATACTGCTACTACTGGCCAGTGATGAAAGCCATTTGCACAGAGCTCTGCCTTCTGTGGTTTTCCCTTCTTCATCCTACAGAGTAAAGTGTTAGTCCTATTTATACATTTTTCAAGATACAAGTTTATGAGAGAAATAGTATTATAACCCCAGTATGTTTAATCTTTTAGCTGTGGACTTTTTTTTTAACCGTACAAAACTGAAAGAACCATAGAGGTCAAGCCTCAGTGACTTGACACCATAAAGCCACAGACAAGGTACTTGGGGGGGAGGGCAGGGAAATTTCATATTTTATAGTGGATTCTTAAGAAATACTAACACTTGAGTATTAGCAATAATTACAGGAAAATAAGTGCGACCACATATATCTTAACATTACTGAATTAAAACTATGGCTTCTAAGTCCTTATCCAAACTCAGTCATCCAAACTAGTTTATTTTTTTCTCCAGTTGATTATCTTTTAATTTTTAATTTTGCTAAAGGTGGTTTTTTTGTGTTTTGTTTTTTGTAAACCAAAACTATACTAAGTATAGTAATTATATATATATATATATTTTTTCCCCTCCCCCTCTTCTTTCCTAACTAATTCTGAGCAGGGTAATCAGTGAACAAAGTGTTGAAAATTGTTCCCAGAAGGTAATTTTCATAGATGTTTGCATTAGCTCCATAGCAAAATGGAATGGTACGTGACATTTAGGGTAGCTGATATTTTTATTTTGTTAAATAATTTCCAAGAATAGAGTATGGTGTATATTATAAATTTCTTTGATAAGATGTATTTTGAATGTCTTTTAATCTTCCTCCTCCTCTCCAAAAAAATCAGAAACCTCTTTAAGAAAACATGTAGGTTATATATGCTAGAATTGCATTTAATCACTGTGAAAAGACTGGTCAGCCTGCATTAGTATGACAGTAGGGGGGCTGTTAGAATTGCTGCTATACTGGTGGTATGGATTATCATGGCATTGGAATTTTCATAGTAATGCAGATCCAATTTCTTTGTGGTACCTGCAGTTTACAAAATAATTTGACTTCAGTGAGCATATTGGTATCTGGATGTTCCAATTTAGAACTAAACCATATTTATTACAAAAAGATATTAATCCCTCTACTCCCAGGTTCCCTTTATATGTTAAGATATAATGGCTTTGAGGGGGGAAAAAATAAACCTAGGGGAGAGGGGAGTTTCCTGTAGTGCTGTTTCATTAGAGGATTTCAGTAAATTAAATTCCACAGCTAATTCAATAAATAATGGTACATTTAAGTGTTCTGATTTTAATAATATATTTCACATTTATCCACACAGTAACAATGTAATATGTTAATGTAAATAAAATTGGTTTTGATACTCAGAAATAACAAGAATTTAATTTTTTAAATTTGTTTACAGTCCTGGGAAAAGTAAGAATTATTTGCCAAAATAAGAGGAAAGAAAACCTTAGTATTATTAATGAGTTTACCATAGAATTGTTGGAAATACTGAAGACAGGTGCAATTTACTAAACTTTTGTTTTTAAACTATTGTAGAGGCTGCATTAGAAGAAAATGTTTATAATGACAGAGCAACTATGACTATATAAAAAAGCTGAAATTAGAACTGTGTTTAGAAATAGATCAGTAACCCAGTGCCAAGGATGCCAAGCTGCCACCATGGTCTTGGCTCTCCCACAACCCAGTGTTTCTGGGGTAAGTTTCACAGTTTCTAGGCCCTGGAATAGCAGGCAGTGTAAGCCTTTGATAACTTTAGTTCGATGTTTTTCTTGTTTTTGTTTGTTGGTTTGGTGCATATGATAGTGGGTGTTATGCTATTTTGCTCTTCCCATCAAAATAAAGAAACTTCCAGAGGTTTACTGTTAAAAATACTGATATTTCCATAAACGGGTTTACCAAGGGTGTAGTATTTCATACCGCCTGAAATGATCAGCATTGGCACAAATCAAAATTCAGCCGCCTTTGAAATGCAAAAATACCTTTGACTAGTAAGTACATCCTAGGAGTTTGAAAACTTAACTAAGGTTTAAAATTTACCTTGTTTAAAGAACTTCTGACTTTTGAGGAAAATCTAGCTTTCCAAGTAACTAAAATGTACATGAGATAAACCTCTCACCACTATGTGTCCCTTGAGAAATGCAACACTTTTTTAGTCTTCATACTTGTAATCTATAAAAGAAATTCTGAAGTTTAGACCAAGTTGCCCATTTCTGCGTAATTGACATAAGTTCTGTTAAAAATATTATAAGTAATTCGTTTCGGTTTGTAGATGTTTCCCCTGACTTGTTAAAGAGGAAACCAGGAACTCAGTCATGTTTTTGTCCTGGATAATCTACCTGTTATGCCAGTACTCCCATCCGAGGGGCATGCCCTTAGTTGCCCAGATGGAGATGCAGTTCAGTAGATTTGGGGCAAAGTGGCTACAGCTCTGTCTTCCATTCACTCAACACCTGTTCATGACTGAGCCAGGTGCCCAGGACACATCCTAAACAGTCAGCTTCTATCCTGTGTCCTAGTTGGGGAGACAGAGTGCCAGCCAGCAACCCTCCCAGGTTTGTAGGTTTTAGGGGTTTTCAGTTTTGTTTGGGTTTTTTGTTTTTTGTTTTTGTTTCTACATCCTTCCCCGACTCCCAGGCATAATGAGGCATGTCTTACTCAATGTTATGCAATGGATTTAGGCAAAAATTCATTCTTAGTGTCAGCCACACAATTTTTTTTAATGCAGTATATTCACCTGTAAATAGTTTGTGTAAAATTTGACAAAAAAAGTATATTTACTATACTGTAAATATATGTGATGATATATTGTATTATTTTGCTTTTTTGTAAAGCAGTTAGTTGCTGCACATGGATAACAACAAAAATTTGATTATTCTCGTGTTAGTATTGTTAACTTCTTTTTGCGACTGCGTTACATCATTTAAAGAAAATGCTGTGTATTGTAAACTTAAATTGTATATGATAACTTACTGTCCTTTCCATCCGGGCCTAAACTTTGGCAGTTCCTTTGTCTACAACCTTGTTAATACTGTAAACAGTTGTACGCCAGCAGGAAAAATACTGCCCAACAGACAAAATCGATCATTGTAGGGGAAAATCATAGAAATCCATTTCAGATCTTTATTGTTCCTCACCCCATTTTCCTCCTTGTGTATGTACTTCCCCCACCCCCCTTTTTTTAAGTAAAATGTAAATTCAATCTGCTCTAAGA
LRG_214,GRCh38.p7,7765,NF1,t2,1,17,31094927,31095369,AATCTCTAGCTCGCTCGCGCTCCCTCTCCCCGGGCCGTGGAAAGGATCCCACTTCCGGTGGGGTGTCATGGCGGCGTCTCGGACTGTGATGGCTGTGGGGAGACGGCGCTAGTGGGGAGAGCGACCAAGAGGCCCCCTCCCCTCCCCGGGTCCCCTTCCCCTATCCCCCTCCCCCCAGCCTCCTTGCCAACGCCCCCTTTCCCTCTCCCCCTCCCGCTCGGCGCTGACCCCCCATCCCCACCCCCGTGGGAACACTGGGAGCCTGCACTCCACAGACCCTCTCCTTGCCTCTTCCCTCACCTCAGCCTCCGCTCCCCGCCCTCTTCCCGGCCCAGGGCGCCGGCCCACCCTTCCCTCCGCCGCCCCCCGGCCGCGGGGAGGACATGGCCGCGCACAGGCCGGTGGAATGGGTCCAGGCCGTGGTCAGCCGCTTCGACGAGCAG
LRG_214,GRCh38.p7,7765,NF1,t2,2,17,31155983,31156126,CTTCCAATAAAAACAGGACAGCAGAACACACATACCAAAGTCAGTACTGAGCACAACAAGGAATGTCTAATCAATATTTCCAAATACAAGTTTTCTTTGGTTATAAGCGGCCTCACTACTATTTTAAAGAATGTTAACAATATG
LRG_214,GRCh38.p7,7765,NF1,t2,3,17,31159010,31159093,AGAATATTTGGAGAAGCTGCTGAAAAAAATTTATATCTCTCTCAGTTGATTATATTGGATACACTGGAAAAATGTCTTGCTGGG
LRG_214,GRCh38.p7,7765,NF1,t2,4,17,31163186,31163376,CAACCAAAGGACACAATGAGATTAGATGAAACGATGCTGGTCAAACAGTTGCTGCCAGAAATCTGCCATTTTCTTCACACCTGTCGTGAAGGAAACCAGCATGCAGCTGAACTTCGGAATTCTGCCTCTGGGGTTTTATTTTCTCTCAGCTGCAACAACTTCAATGCAGTCTTTAGTCGCATTTCTACCAG
LRG_214,GRCh38.p7,7765,NF1,t2,5,17,31169891,31169997,GTTACAGGAATTAACTGTTTGTTCAGAAGACAATGTTGATGTTCATGATATAGAATTGTTACAGTATATCAATGTGGATTGTGCAAAATTAAAACGACTCCTGAAGG
LRG_214,GRCh38.p7,7765,NF1,t2,6,17,31181422,31181489,AAACAGCATTTAAATTTAAAGCCCTAAAGAAGGTTGCGCAGTTAGCAGTTATAAATAGCCTGGAAAAG
LRG_214,GRCh38.p7,7765,NF1,t2,7,17,31181710,31181785,GCATTTTGGAACTGGGTAGAAAATTATCCAGATGAATTTACAAAACTGTACCAGATCCCACAGACTGATATGGCTG
LRG_214,GRCh38.p7,7765,NF1,t2,8,17,31182508,31182665,AATGTGCAGAAAAGCTATTTGACTTGGTGGATGGTTTTGCTGAAAGCACCAAACGTAAAGCAGCAGTTTGGCCACTACAAATCATTCTCCTTATCTTGTGTCCAGAAATAATCCAGGATATATCCAAAGACGTGGTTGATGAAAACAACATGAATAAG
LRG_214,GRCh38.p7,7765,NF1,t2,9,17,31200422,31200595,AAGTTATTTCTGGACAGTCTACGAAAAGCTCTTGCTGGCCATGGAGGAAGTAGGCAGCTGACAGAAAGTGCTGCAATTGCCTGTGTCAAACTGTGTAAAGCAAGTACTTACATCAATTGGGAAGATAACTCTGTCATTTTCCTACTTGTTCAGTCCATGGTGGTTGATCTTAAG
LRG_214,GRCh38.p7,7765,NF1,t2,10,17,31201037,31201159,AACCTGCTTTTTAATCCAAGTAAGCCATTCTCAAGAGGCAGTCAGCCTGCAGATGTGGATCTAATGATTGACTGCCTTGTTTCTTGCTTTCGTATAAGCCCTCACAACAACCAACACTTTAAG
LRG_214,GRCh38.p7,7765,NF1,t2,11,17,31201411,31201485,ATCTGCCTGGCTCAGAATTCACCTTCTACATTTCACTATGTGCTGGTAAATTCACTCCATCGAATCATCACCAAT
LRG_214,GRCh38.p7,7765,NF1,t2,12,17,31206240,31206371,TCCGCATTGGATTGGTGGCCTAAGATTGATGCTGTGTATTGTCACTCGGTTGAACTTCGAAATATGTTTGGTGAAACACTTCATAAAGCAGTGCAAGGTTGTGGAGCACACCCAGCAATACGAATGGCACCG
LRG_214,GRCh38.p7,7765,NF1,t2,13,17,31214451,31214585,AGTCTTACATTTAAAGAAAAAGTAACAAGCCTTAAATTTAAAGAAAAACCTACAGACCTGGAGACAAGAAGCTATAAGTATCTTCTCTTGTCCATGGTGAAACTAATTCATGCAGATCCAAAGCTCTTGCTTTGT
LRG_214,GRCh38.p7,7765,NF1,t2,14,17,31219005,31219118,AATCCAAGAAAACAGGGGCCCGAAACCCAAGGCAGTACAGCAGAATTAATTACAGGGCTCGTCCAACTGGTCCCTCAGTCACACATGCCAGAGATTGCTCAGGAAGCAATGGAG
LRG_214,GRCh38.p7,7765,NF1,t2,15,17,31221850,31221929,GCTCTGCTGGTTCTTCATCAGTTAGATAGCATTGATTTGTGGAATCCTGATGCTCCTGTAGAAACATTTTGGGAGATTAG
LRG_214,GRCh38.p7,7765,NF1,t2,16,17,31223444,31223567,CTCACAAATGCTTTTTTACATCTGCAAGAAATTAACTAGTCATCAAATGCTTAGTAGCACAGAAATTCTCAAGTGGTTGCGGGAAATATTGATCTGCAGGAATAAATTTCTTCTTAAAAATAAG
LRG_214,GRCh38.p7,7765,NF1,t2,17,17,31225095,31225250,CAGGCAGATAGAAGTTCCTGTCACTTTCTCCTTTTTTACGGGGTAGGATGTGATATTCCTTCTAGTGGAAATACCAGTCAAATGTCCATGGATCATGAAGAATTACTACGTACTCCTGGAGCCTCTCTCCGGAAGGGAAAAGGGAACTCCTCTATG
LRG_214,GRCh38.p7,7765,NF1,t2,18,17,31226435,31226684,GATAGTGCAGCAGGATGCAGCGGAACCCCCCCGATTTGCCGACAAGCCCAGACCAAACTAGAAGTGGCCCTGTACATGTTTCTGTGGAACCCTGACACTGAAGCTGTTCTGGTTGCCATGTCCTGTTTCCGCCACCTCTGTGAGGAAGCAGATATCCGGTGTGGGGTGGATGAAGTGTCAGTGCATAACCTCTTGCCCAACTATAACACATTCATGGAGTTTGCCTCTGTCAGCAATATGATGTCAACAG
LRG_214,GRCh38.p7,7765,NF1,t2,19,17,31227218,31227291,GAAGAGCAGCACTTCAGAAAAGAGTGATGGCACTGCTGAGGCGCATTGAGCATCCCACTGCAGGAAACACTGAG
LRG_214,GRCh38.p7,7765,NF1,t2,20,17,31227523,31227606,GCTTGGGAAGATACACATGCAAAATGGGAACAAGCAACAAAGCTAATCCTTAACTATCCAAAAGCCAAAATGGAAGATGGCCAG
LRG_214,GRCh38.p7,7765,NF1,t2,21,17,31229025,31229465,GCTGCTGAAAGCCTTCACAAGACCATTGTTAAGAGGCGAATGTCCCATGTGAGTGGAGGAGGATCCATAGATTTGTCTGACACAGACTCCCTACAGGAATGGATCAACATGACTGGCTTCCTTTGTGCCCTTGGGGGAGTGTGCCTCCAGCAGAGAAGCAATTCTGGCCTGGCAACCTATAGCCCACCCATGGGTCCAGTCAGTGAACGTAAGGGTTCTATGATTTCAGTGATGTCTTCAGAGGGAAACGCAGATACACCTGTCAGCAAATTTATGGATCGGCTGTTGTCCTTAATGGTGTGTAACCATGAGAAAGTGGGACTTCAAATACGGACCAATGTTAAGGATCTGGTGGGTCTAGAATTGAGTCCTGCTCTGTATCCAATGCTATTTAACAAATTGAAGAATACCATCAGCAAGTTTTTTGACTCCCAAGGACAG
LRG_214,GRCh38.p7,7765,NF1,t2,22,17,31229835,31229974,GTTTTATTGACTGATACCAATACTCAATTTGTAGAACAAACCATAGCTATAATGAAGAACTTGCTAGATAATCATACTGAAGGCAGCTCTGAACATCTAGGGCAAGCTAGCATTGAAACAATGATGTTAAATCTGGTCAG
LRG_214,GRCh38.p7,7765,NF1,t2,23,17,31230260,31230382,GTATGTTCGTGTGCTTGGGAATATGGTCCATGCAATTCAAATAAAAACGAAACTGTGTCAATTAGTTGAAGTAATGATGGCAAGGAGAGATGACCTCTCATTTTGCCAAGAGATGAAATTTAG
LRG_214,GRCh38.p7,7765,NF1,t2,24,17,31230842,31230925,GAATAAGATGGTAGAATACCTGACAGACTGGGTTATGGGAACATCAAACCAAGCAGCAGATGATGATGTAAAATGTCTTACAAG
LRG_214,GRCh38.p7,7765,NF1,t2,25,17,31232073,31232189,AGATTTGGACCAGGCAAGCATGGAAGCAGTAGTTTCACTTCTAGCTGGTCTCCCTCTGCAGCCTGAAGAAGGAGATGGTGTGGAATTGATGGAAGCCAAATCACAGTTATTTCTTAA
LRG_214,GRCh38.p7,7765,NF1,t2,26,17,31232700,31232881,ATACTTCACATTATTTATGAACCTTTTGAATGACTGCAGTGAAGTTGAAGATGAAAGTGCGCAAACAGGTGGCAGGAAACGTGGCATGTCTCGGAGGCTGGCATCACTGAGGCACTGTACGGTCCTTGCAATGTCAAACTTACTCAATGCCAACGTAGACAGTGGTCTCATGCACTCCATAG
LRG_214,GRCh38.p7,7765,NF1,t2,27,17,31233002,31233213,GCTTAGGTTACCACAAGGATCTCCAGACAAGAGCTACATTTATGGAAGTTCTGACAAAAATCCTTCAACAAGGCACAGAATTTGACACACTTGCAGAAACAGTATTGGCTGATCGGTTTGAGAGATTGGTGGAACTGGTCACAATGATGGGTGATCAAGGAGAACTCCCTATAGCGATGGCTCTGGCCAATGTGGTTCCTTGTTCTCAGTGG
LRG_214,GRCh38.p7,7765,NF1,t2,28,17,31235611,31235772,GATGAACTAGCTCGAGTTCTGGTTACTCTGTTTGATTCTCGGCATTTACTCTACCAACTGCTCTGGAACATGTTTTCTAAAGAAGTAGAATTGGCAGACTCCATGCAGACTCTCTTCCGAGGCAACAGCTTGGCCAGTAAAATAATGACATTCTGTTTCAAG
LRG_214,GRCh38.p7,7765,NF1,t2,29,17,31235918,31236021,GTATATGGTGCTACCTATCTACAAAAACTCCTGGATCCTTTATTACGAATTGTGATCACATCCTCTGATTGGCAACATGTTAGCTTTGAAGTGGATCCTACCAG
LRG_214,GRCh38.p7,7765,NF1,t2,30,17,31248984,31249119,GTTAGAACCATCAGAGAGCCTTGAGGAAAACCAGCGGAACCTCCTTCAGATGACTGAAAAGTTCTTCCATGCCATCATCAGTTCCTCCTCAGAATTCCCCCCTCAACTTCGAAGTGTGTGCCACTGTTTATACCAG
LRG_214,GRCh38.p7,7765,NF1,t2,31,17,31252938,31253000,GCAACTTGCCACTCCCTACTGAATAAAGCTACAGTAAAAGAAAAAAAGGAAAACAAAAAATCA
LRG_214,GRCh38.p7,7765,NF1,t2,32,17,31258344,31258502,GTGGTTAGCCAGCGTTTCCCTCAGAACAGCATCGGTGCAGTAGGAAGTGCCATGTTCCTCAGATTTATCAATCCTGCCATTGTCTCACCGTATGAAGCAGGGATTTTAGATAAAAAGCCACCACCTAGAATCGAAAGGGGCTTGAAGTTAATGTCAAAG
LRG_214,GRCh38.p7,7765,NF1,t2,33,17,31259032,31259129,ATACTTCAGAGTATTGCCAATCATGTTCTCTTCACAAAAGAAGAACATATGCGGCCTTTCAATGATTTTGTGAAAAGCAACTTTGATGCAGCACGCAG
LRG_214,GRCh38.p7,7765,NF1,t2,34,17,31260369,31260515,GTTTTTCCTTGATATAGCATCTGATTGTCCTACAAGTGATGCAGTAAATCATAGTCTTTCCTTCATAAGTGACGGCAATGTGCTTGCTTTACATCGTCTACTCTGGAACAATCAGGAGAAAATTGGGCAGTATCTTTCCAGCAACAG
LRG_214,GRCh38.p7,7765,NF1,t2,35,17,31261711,31261857,GGATCATAAAGCTGTTGGAAGACGACCTTTTGATAAGATGGCAACACTTCTTGCATACCTGGGTCCTCCAGAGCACAAACCTGTGGCAGATACACACTGGTCCAGCCTTAACCTTACCAGTTCAAAGTTTGAGGAATTTATGACTAG
LRG_214,GRCh38.p7,7765,NF1,t2,36,17,31265229,31265339,GCATCAGGTACATGAAAAAGAAGAATTCAAGGCTTTGAAAACGTTAAGTATTTTCTACCAAGCTGGGACTTCCAAAGCTGGGAATCCTATTTTTTATTATGTTGCACGGAG
LRG_214,GRCh38.p7,7765,NF1,t2,37,17,31325820,31326252,GTTCAAAACTGGTCAAATCAATGGTGATTTGCTGATATACCATGTCTTACTGACTTTAAAGCCATATTATGCAAAGCCATATGAAATTGTAGTGGACCTTACCCATACCGGGCCTAGCAATCGCTTTAAAACAGACTTTCTCTCTAAGTGGTTTGTTGTTTTTCCTGGCTTTGCTTACGACAACGTCTCCGCAGTCTATATCTATAACTGTAACTCCTGGGTCAGGGAGTACACCAAGTATCATGAGCGGCTGCTGACTGGCCTCAAAGGTAGCAAAAGGCTTGTTTTCATAGACTGTCCTGGGAAACTGGCTGAGCACATAGAGCATGAACAACAGAAACTACCTGCTGCCACCTTGGCTTTAGAAGAGGACCTGAAGGTATTCCACAATGCTCTCAAGCTAGCTCACAAAGACACCAAAGTTTCTATTAAA
LRG_214,GRCh38.p7,7765,NF1,t2,38,17,31327499,31327839,GTTGGTTCTACTGCTGTCCAAGTAACTTCAGCAGAGCGAACAAAAGTCCTAGGGCAATCAGTCTTTCTAAATGACATTTATTATGCTTCGGAAATTGAAGAAATCTGCCTAGTAGATGAGAACCAGTTCACCTTAACCATTGCAAACCAGGGCACGCCGCTCACCTTCATGCACCAGGAGTGTGAAGCCATTGTCCAGTCTATCATTCATATCCGGACCCGCTGGGAACTGTCACAGCCCGACTCTATCCCCCAACACACCAAGATTCGGCCAAAAGATGTCCCTGGGACACTGCTCAATATCGCATTACTTAATTTAGGCAGTTCTGACCCGAGTTTACG
LRG_214,GRCh38.p7,7765,NF1,t2,39,17,31330296,31330498,GTCAGCTGCCTATAATCTTCTGTGTGCCTTAACTTGTACCTTTAATTTAAAAATCGAGGGCCAGTTACTAGAGACATCAGGTTTATGTATCCCTGCCAACAACACCCTCTTTATTGTCTCTATTAGTAAGACACTGGCAGCCAATGAGCCACACCTCACGTTAGAATTTTTGGAAGAGTGTATTTCTGGATTTAGCAAATCTA
LRG_214,GRCh38.p7,7765,NF1,t2,40,17,31334838,31335031,GTATTGAATTGAAACACCTTTGTTTGGAATACATGACTCCATGGCTGTCAAATCTAGTTCGTTTTTGCAAGCATAATGATGATGCCAAACGACAAAGAGTTACTGCTATTCTTGACAAGCTGATAACAATGACCATCAATGAAAAACAGATGTACCCATCTATTCAAGCAAAAATATGGGGAAGCCTTGGGCAG
LRG_214,GRCh38.p7,7765,NF1,t2,41,17,31336333,31336473,ATTACAGATCTGCTTGATGTTGTACTAGACAGTTTCATCAAAACCAGTGCAACAGGTGGCTTGGGATCAATAAAAGCTGAGGTGATGGCAGATACTGCTGTAGCTTTGGCTTCTGGAAATGTGAAATTGGTTTCAAGCAAG
LRG_214,GRCh38.p7,7765,NF1,t2,42,17,31336635,31336914,GTTATTGGAAGGATGTGCAAAATAATTGACAAGACATGCTTATCTCCAACTCCTACTTTAGAACAACATCTTATGTGGGATGATATTGCTATTTTAGCACGCTACATGCTGATGCTGTCCTTCAACAATTCCCTTGATGTGGCAGCTCATCTTCCCTACCTCTTCCACGTTGTTACTTTCTTAGTAGCCACAGGTCCGCTCTCCCTTAGAGCTTCCACACATGGACTGGTCATTAATATCATTCACTCTCTGTGTACTTGTTCACAGCTTCATTTTAGTG
LRG_214,GRCh38.p7,7765,NF1,t2,43,17,31337368,31337582,AAGAGACCAAGCAAGTTTTGAGACTCAGTCTGACAGAGTTCTCATTACCCAAATTTTACTTGCTGTTTGGCATTAGCAAAGTCAAGTCAGCTGCTGTCATTGCCTTCCGTTCCAGTTACCGGGACAGGTCATTCTCTCCTGGCTCCTATGAGAGAGAGACTTTTGCTTTGACATCCTTGGAAACAGTCACAGAAGCTTTGTTGGAGATCATGGAG
LRG_214,GRCh38.p7,7765,NF1,t2,44,17,31337819,31337880,GCATGCATGAGAGATATTCCAACGTGCAAGTGGCTGGACCAGTGGACAGAACTAGCTCAAAG
LRG_214,GRCh38.p7,7765,NF1,t2,45,17,31338025,31338139,ATTTGCATTCCAATATAATCCATCCCTGCAACCAAGAGCTCTTGTTGTCTTTGGGTGTATTAGCAAACGAGTGTCTCATGGGCAGATAAAGCAGATAATCCGTATTCTTAGCAAG
LRG_214,GRCh38.p7,7765,NF1,t2,46,17,31338704,31338805,GCACTTGAGAGTTGCTTAAAAGGACCTGACACTTACAACAGTCAAGTTCTGATAGAAGCTACAGTAATAGCACTAACCAAATTACAGCCACTTCTTAATAAG
LRG_214,GRCh38.p7,7765,NF1,t2,47,17,31340505,31340645,GACTCGCCTCTGCACAAAGCCCTCTTTTGGGTAGCTGTGGCTGTGCTGCAGCTTGATGAGGTCAACTTGTATTCAGCAGGTACCGCACTTCTTGAACAAAACCTGCATACTTTAGATAGTCTCCGTATATTCAATGACAAG
LRG_214,GRCh38.p7,7765,NF1,t2,48,17,31343009,31343135,AGTCCAGAGGAAGTATTTATGGCAATCCGGAATCCTCTGGAGTGGCACTGCAAGCAAATGGATCATTTTGTTGGACTCAATTTCAACTCTAACTTTAACTTTGCATTGGTTGGACACCTTTTAAAAG
LRG_214,GRCh38.p7,7765,NF1,t2,49,17,31349120,31349251,GGTACAGGCATCCTTCACCTGCTATTGTTGCAAGAACAGTCAGAATTTTACATACACTACTAACTCTGGTTAACAAACACAGAAATTGTGACAAATTTGAAGTGAATACACAGAGCGTGGCCTACTTAGCAG
LRG_214,GRCh38.p7,7765,NF1,t2,50,17,31350183,31350318,CTTTACTTACAGTGTCTGAAGAAGTTCGAAGTCGCTGCAGCCTAAAACATAGAAAGTCACTTCTTCTTACTGATATTTCAATGGAAAATGTTCCTATGGATACATATCCCATTCATCATGGTGACCCTTCCTATAG
LRG_214,GRCh38.p7,7765,NF1,t2,51,17,31352257,31352414,GACACTAAAGGAGACTCAGCCATGGTCCTCTCCCAAAGGTTCTGAAGGATACCTTGCAGCCACCTATCCAACTGTCGGCCAGACCAGTCCCCGAGCCAGGAAATCCATGAGCCTGGACATGGGGCAACCTTCTCAGGCCAACACTAAGAAGTTGCTTG
LRG_214,GRCh38.p7,7765,NF1,t2,52,17,31356460,31356582,GAACAAGGAAAAGTTTTGATCACTTGATATCAGACACAAAGGCTCCTAAAAGGCAAGAAATGGAATCAGGGATCACAACACCCCCCAAAATGAGGAGAGTAGCAGAAACTGATTATGAAATGG
LRG_214,GRCh38.p7,7765,NF1,t2,53,17,31356960,31357090,AAACTCAGAGGATTTCCTCATCACAACAGCACCCACATTTACGTAAAGTTTCAGTGTCTGAATCAAATGTTCTCTTGGATGAAGAAGTACTTACTGATCCGAAGATCCAGGCGCTGCTTCTTACTGTTCTA
LRG_214,GRCh38.p7,7765,NF1,t2,54,17,31357269,31357369,GCTACACTGGTAAAATATACCACAGATGAGTTTGATCAACGAATTCTTTATGAATACTTAGCAGAGGCCAGTGTTGTGTTTCCCAAAGTCTTTCCTGTTGT
LRG_214,GRCh38.p7,7765,NF1,t2,55,17,31358480,31358622,GCATAATTTGTTGGACTCTAAGATCAACACCCTGTTATCATTGTGCCAAGATCCAAATTTGTTAAATCCAATCCATGGAATTGTGCAGAGTGTGGTGTACCATGAAGAATCCCCACCACAATACCAAACATCTTACCTGCAAA
LRG_214,GRCh38.p7,7765,NF1,t2,56,17,31358969,31359015,GTTTTGGTTTTAATGGCTTGTGGCGGTTTGCAGGACCGTTTTCAAAG
LRG_214,GRCh38.p7,7765,NF1,t2,57,17,31360487,31360703,CAAACACAAATTCCAGACTATGCTGAGCTTATTGTTAAGTTTCTTGATGCCTTGATTGACACGTACCTGCCTGGAATTGATGAAGAAACCAGTGAAGAATCCCTCCTGACTCCCACATCTCCTTACCCTCCTGCACTGCAGAGCCAGCTTAGTATCACTGCCAACCTTAACCTTTCTAATTCCATGACCTCACTTGCAACTTCCCAGCATTCCCCAG
LRG_214,GRCh38.p7,7765,NF1,t2,58,17,31374013,31377677,GAATCGACAAGGAGAACGTTGAACTCTCCCCTACCACTGGCCACTGTAACAGTGGACGAACTCGCCACGGATCCGCAAGCCAAGTGCAGAAGCAAAGAAGCGCTGGCAGTTTCAAACGTAATAGCATTAAGAAGATCGTGTGAAGCTTGCTTGCTTTCTTTTTTAAAATCAACTTAACATGGGCTCTTCACTAGTGACCCCTTCCCTGTCCTTGCCCTTTCCCCCCATGTTGTAATGCTGCACTTCCTGTTTTATAATGAACCCATCCGGTTTGCCATGTTGCCAGATGATCAACTCTTCGAAGCCTTGCCTAAATTTAATGCTGCCTTTTCTTTAACTTTTTTTCTTCTACTTTTGGCGTGTATCTGGTATATGTAAGTGTTCAGAACAACTGCAAAGAAAGTGGGAGGTCAGGAAACTTTTAACTGAGAAATCTCAATTGTAAGAGAGGATGAATTCTTGAATACTGCTACTACTGGCCAGTGATGAAAGCCATTTGCACAGAGCTCTGCCTTCTGTGGTTTTCCCTTCTTCATCCTACAGAGTAAAGTGTTAGTCCTATTTATACATTTTTCAAGATACAAGTTTATGAGAGAAATAGTATTATAACCCCAGTATGTTTAATCTTTTAGCTGTGGACTTTTTTTTTAACCGTACAAAACTGAAAGAACCATAGAGGTCAAGCCTCAGTGACTTGACACCATAAAGCCACAGACAAGGTACTTGGGGGGGAGGGCAGGGAAATTTCATATTTTATAGTGGATTCTTAAGAAATACTAACACTTGAGTATTAGCAATAATTACAGGAAAATAAGTGCGACCACATATATCTTAACATTACTGAATTAAAACTATGGCTTCTAAGTCCTTATCCAAACTCAGTCATCCAAACTAGTTTATTTTTTTCTCCAGTTGATTATCTTTTAATTTTTAATTTTGCTAAAGGTGGTTTTTTTGTGTTTTGTTTTTTGTAAACCAAAACTATACTAAGTATAGTAATTATATATATATATATATTTTTTCCCCTCCCCCTCTTCTTTCCTAACTAATTCTGAGCAGGGTAATCAGTGAACAAAGTGTTGAAAATTGTTCCCAGAAGGTAATTTTCATAGATGTTTGCATTAGCTCCATAGCAAAATGGAATGGTACGTGACATTTAGGGTAGCTGATATTTTTATTTTGTTAAATAATTTCCAAGAATAGAGTATGGTGTATATTATAAATTTCTTTGATAAGATGTATTTTGAATGTCTTTTAATCTTCCTCCTCCTCTCCAAAAAAATCAGAAACCTCTTTAAGAAAACATGTAGGTTATATATGCTAGAATTGCATTTAATCACTGTGAAAAGACTGGTCAGCCTGCATTAGTATGACAGTAGGGGGGCTGTTAGAATTGCTGCTATACTGGTGGTATGGATTATCATGGCATTGGAATTTTCATAGTAATGCAGATCCAATTTCTTTGTGGTACCTGCAGTTTACAAAATAATTTGACTTCAGTGAGCATATTGGTATCTGGATGTTCCAATTTAGAACTAAACCATATTTATTACAAAAAGATATTAATCCCTCTACTCCCAGGTTCCCTTTATATGTTAAGATATAATGGCTTTGAGGGGGGAAAAAATAAACCTAGGGGAGAGGGGAGTTTCCTGTAGTGCTGTTTCATTAGAGGATTTCAGTAAATTAAATTCCACAGCTAATTCAATAAATAATGGTACATTTAAGTGTTCTGATTTTAATAATATATTTCACATTTATCCACACAGTAACAATGTAATATGTTAATGTAAATAAAATTGGTTTTGATACTCAGAAATAACAAGAATTTAATTTTTTAAATTTGTTTACAGTCCTGGGAAAAGTAAGAATTATTTGCCAAAATAAGAGGAAAGAAAACCTTAGTATTATTAATGAGTTTACCATAGAATTGTTGGAAATACTGAAGACAGGTGCAATTTACTAAACTTTTGTTTTTAAACTATTGTAGAGGCTGCATTAGAAGAAAATGTTTATAATGACAGAGCAACTATGACTATATAAAAAAGCTGAAATTAGAACTGTGTTTAGAAATAGATCAGTAACCCAGTGCCAAGGATGCCAAGCTGCCACCATGGTCTTGGCTCTCCCACAACCCAGTGTTTCTGGGGTAAGTTTCACAGTTTCTAGGCCCTGGAATAGCAGGCAGTGTAAGCCTTTGATAACTTTAGTTCGATGTTTTTCTTGTTTTTGTTTGTTGGTTTGGTGCATATGATAGTGGGTGTTATGCTATTTTGCTCTTCCCATCAAAATAAAGAAACTTCCAGAGGTTTACTGTTAAAAATACTGATATTTCCATAAACGGGTTTACCAAGGGTGTAGTATTTCATACCGCCTGAAATGATCAGCATTGGCACAAATCAAAATTCAGCCGCCTTTGAAATGCAAAAATACCTTTGACTAGTAAGTACATCCTAGGAGTTTGAAAACTTAACTAAGGTTTAAAATTTACCTTGTTTAAAGAACTTCTGACTTTTGAGGAAAATCTAGCTTTCCAAGTAACTAAAATGTACATGAGATAAACCTCTCACCACTATGTGTCCCTTGAGAAATGCAACACTTTTTTAGTCTTCATACTTGTAATCTATAAAAGAAATTCTGAAGTTTAGACCAAGTTGCCCATTTCTGCGTAATTGACATAAGTTCTGTTAAAAATATTATAAGTAATTCGTTTCGGTTTGTAGATGTTTCCCCTGACTTGTTAAAGAGGAAACCAGGAACTCAGTCATGTTTTTGTCCTGGATAATCTACCTGTTATGCCAGTACTCCCATCCGAGGGGCATGCCCTTAGTTGCCCAGATGGAGATGCAGTTCAGTAGATTTGGGGCAAAGTGGCTACAGCTCTGTCTTCCATTCACTCAACACCTGTTCATGACTGAGCCAGGTGCCCAGGACACATCCTAAACAGTCAGCTTCTATCCTGTGTCCTAGTTGGGGAGACAGAGTGCCAGCCAGCAACCCTCCCAGGTTTGTAGGTTTTAGGGGTTTTCAGTTTTGTTTGGGTTTTTTGTTTTTTGTTTTTGTTTCTACATCCTTCCCCGACTCCCAGGCATAATGAGGCATGTCTTACTCAATGTTATGCAATGGATTTAGGCAAAAATTCATTCTTAGTGTCAGCCACACAATTTTTTTTAATGCAGTATATTCACCTGTAAATAGTTTGTGTAAAATTTGACAAAAAAAGTATATTTACTATACTGTAAATATATGTGATGATATATTGTATTATTTTGCTTTTTTGTAAAGCAGTTAGTTGCTGCACATGGATAACAACAAAAATTTGATTATTCTCGTGTTAGTATTGTTAACTTCTTTTTGCGACTGCGTTACATCATTTAAAGAAAATGCTGTGTATTGTAAACTTAAATTGTATATGATAACTTACTGTCCTTTCCATCCGGGCCTAAACTTTGGCAGTTCCTTTGTCTACAACCTTGTTAATACTGTAAACAGTTGTACGCCAGCAGGAAAAATACTGCCCAACAGACAAAATCGATCATTGTAGGGGAAAATCATAGAAATCCATTTCAGATCTTTATTGTTCCTCACCCCATTTTCCTCCTTGTGTATGTACTTCCCCCACCCCCCTTTTTTTAAGTAAAATGTAAATTCAATCTGCTCTAAGA
